model,forecast_points,MAE,RMSE,MAPE
Prophet,18,13512.690319614832,15913.43366199488,18.002131986892554
SARIMA,18,13322.493570296578,16378.280649408882,17.73209626839828
XGBoost,18,14724.1996640625,17424.149240902494,20.3699139420651
