k,inertia,silhouette_score
2,40.979886060642244,0.4545475841269567
3,19.05338729148044,0.4265907010201554
4,11.921157149602495,0.42286037888921724
5,7.396421405149681,0.4171702961059638
6,5.540503943543701,0.38247633406518294
7,4.166112605699799,0.31371561776423673
8,2.8973405189717836,0.2797675245839259
