{
  "explained_variance_ratio": [
    0.5102589566270157,
    0.4054351334081875
  ],
  "n_clusters": 4
}