feature,importance
quarter,0.4263861
month,0.30441478
season,0.11143853
rolling_mean_3,0.04436206
lag_2,0.04198732
lag_1,0.037363775
lag_3,0.034047503
